"Phd|P\.H\.D|Phd\.","Master of Science|M\.Sc\.|MSc|Master of Sciences|Master Of Science|M\. Sc\.","Master in Commerce|M\.Com|MCom|M\.Com\.|MCom\.","Master in Education|M\.Ed\.|M\. Ed|Master in Edn\.","M\.Tech|m\.tech|Master of Technology|M\.Tech\.|M\.tech\.|M Tech|M tech","MSc IT|MSc \(IT\)|Master of Information Technology|MSC\(IT\)|MSc\-IT|Master in Information Technology|Master of IT\.|Master of IT","M\.Ped\.|M\.PED\.|MPED\.|MPED|Mped|Mped\.","M\.PHIL|MASTER OF PHILOSOPHY|M\.Phil\.|m\.phil\.|Master Of Philosophy|MPHIL|M\.PHIL\.|M\.Phil","Master of Fisheries Science|M\.S\.F\.|MSF|M\.S\.F","M\.S\.W\.|m\.s\.w\.|Master Of Social Works|Masters of Social Works","Master in Pharmaceutical|M\.Pharm|MPharm|Master of Pharmaceutical","MD/MS","Master in Arts|M\.A|M A|Master of Arts|M\.A\.","MBA|M\.B\.A|M\.B\.A\.|Master in Business Administration|Masters of Business Administration","Master in Information Technology|Masters of Information Technology|Master in Information Tech\\.","MSIT|MS\(IT\)|M\.S\.I\.T\.|Master of Information Technology|MS IT|M\.S\. IT","MCA|M\.C\.A|M\.C\.A\.|Master of Computer Application|Masters in Computer Application|Master in Computer Applications|Masters of Computer Applications","M\.E\.|M\.E|Master of Engineering|Master of Engg\.|Master of Engg|Master in Engineering","B\.TECH|B\.Tech|B\.E\.|Bachelor of Engineering|Bachelors of Science|B\.TECH\(CSE\)|Bachelor of Engineering|B\.E\.|B\.E|BACHELOR OF ENGINEERING|BACHELOR DEGREE IN ENGINEERING|BACHELOR'S DEGREE IN ENGINEERING|bachelor of engineering|Bachelor Of Engineering|Bachelor's Degree in Engineering|BACHELOR'S DEGREE IN ENGINEERINGBACHELOR OF ENGINEERING|BACHELOR DEGREE IN ENGINEERING|BACHELOR'S DEGREE IN ENGINEERING|bachelor of engineering|Bachelor Of Engineering|Bachelor's Degree in Engineering|BACHELOR'S DEGREE IN ENGINEERING|BE","Bachelor of Arts|B\.A|B\.A\.|Bachelor Degree in Arts|Bachelor Degree in English|Bachelor Degree in Economics|Bachelor Degree in History|B\.A \(Hons\.\)|BA","Bachelor of Science|B\.Sc|B\.Sc\.|Bachelors of Sciences|BACHELOR OF SCIENCE|BACHELOR'S OF SCIENCE|BACHELOR DEGREE IN SCIENCE|B\.SC\.|BSC","BCA|Bachelor of Computer Application|B\.C\.A\.|Bachelor Of Computer Application|Bachelors of Computer Applications|BACHELOR OF COMPUTER APPLICATION|BACHELORS OF COMPUTER APPLICATIONS|bca|b\.c\.a\.|Bachelor Degree in Computer Applications|Bachelor Degree in Computer Application|Bachelor's Degree","BBA|Bachelor of Business Administration|B\.B\.A\.|B\.B\.A|BACHELOR OF BUSINESS ADMINISTRATION|Bachelor Of Business Administration|Bachelor Degree in Business Administration","B\. Com|Bcom|Bachelor of Commerce|Bachelor of Commerce|Bachelor Degree in Commerce|Bachelor's Degree in Commerce|b\.com\.|B\.COM\.|BACHELOR OF COMMERCE|BCOM|BACHELOR DEGREE IN COMMERCE|BACHELOR'S DEGREE IN COMMERCE","Bachelor of Education|BEd|B\.Ed|BACHELOR OF EDUCATION|BACHELOR'S DEGREE IN EDUCATION|B\.ED\.|Bachelor's Degree in Education|bachelor of education|Bachelor Of Education","Bachelor of Dental science|BDS|B\.D\.S\.|B\.D\.S|BACHELOR OF DENTAL SCIENCE","Bachelor of Paramaceutical|B\.Pharm|B\.PHARM|B\.PHARM\.","Law|L\.L\.B\.","C\.A|C\.A\.|Chartered Accountant","Company Secretary|C\.S ","Master of Law|L\.L\.M\.","B\.Tech|BTech|B\-Tech\.|Bachelor of Technology","Bachelor Of Law|B\.L\.|Bachelor of Law|BACHELOR OF LAW|BACHELOR DEGREE IN LAW|BACHELOR'S DEGREE IN LAW|Bachelor Degree in Law|Bachelor's Degree in Law","icwa","pgdm","M\.B\.B\.S|MBBS|MBBS\.","Post Graduate Diploma in Business Management","B\.Ped\.|B\.PED\.|Bachelor Of Physical Education|BACHELOR OF PHYSICAL EDUCATION","Bachelors of Information Technology|Bachelor of Information Technology","Diploma"